date,Afghanistan,Albania,Algeria,Angola,Antarctica,Argentina,Armenia,Australia,Austria,Azerbaijan,Bangladesh,Belarus,Belgium,Belize,Benin,Bermuda,Bhutan,Bolivia,Bosnia and Herzegovina,Botswana,Brazil,Brunei,Bulgaria,Burkina Faso,Burundi,Cambodia,Cameroon,Canada,Central African Republic,Chad,Chile,China,Colombia,Costa Rica,Croatia,Cuba,Cyprus,Czech Republic,Democratic Republic of the Congo,Denmark,Djibouti,Dominican Republic,East Timor,Ecuador,Egypt,El Salvador,Equatorial Guinea,Eritrea,Estonia,Ethiopia,Falkland Islands,Fiji,Finland,France,French Guiana,French Southern and Antarctic Lands,Gabon,Gambia,Georgia,Germany,Ghana,Greece,Greenland,Guatemala,Guinea,Guinea Bissau,Guyana,Haiti,Honduras,Hungary,Iceland,India,Indonesia,Iran,Iraq,Ireland,Israel,Italy,Ivory Coast,Jamaica,Japan,Jordan,Kazakhstan,Kenya,Kosovo,Kuwait,Kyrgyzstan,Laos,Latvia,Lebanon,Lesotho,Liberia,Libya,Lithuania,Luxembourg,Macedonia,Madagascar,Malawi,Malaysia,Mali,Malta,Mauritania,Mexico,Moldova,Mongolia,Montenegro,Morocco,Mozambique,Myanmar,Namibia,Nepal,Netherlands,New Caledonia,New Zealand,Nicaragua,Niger,Nigeria,North Korea,Northern Cyprus,Norway,Oman,Pakistan,Panama,Papua New Guinea,Paraguay,Peru,Philippines,Poland,Portugal,Puerto Rico,Qatar,Republic of Serbia,Republic of the Congo,Romania,Russia,Rwanda,Saudi Arabia,Senegal,Sierra Leone,Slovakia,Slovenia,Solomon Islands,Somalia,Somaliland,South Africa,South Korea,South Sudan,Spain,Sri Lanka,Sudan,Suriname,Swaziland,Sweden,Switzerland,Syria,Taiwan,Tajikistan,Thailand,The Bahamas,Togo,Trinidad and Tobago,Tunisia,Turkey,Turkmenistan,Uganda,Ukraine,United Arab Emirates,United Kingdom,United Republic of Tanzania,United States of America,Uruguay,Uzbekistan,Vanuatu,Venezuela,Vietnam,West Bank,Western Sahara,Yemen,Zambia,Zimbabwe
2019-11-17,752.7810317460318,2892.3662073966643,1048.4929795001403,3914.640163773659,nan,2409.0371855666285,1489.2175,1566.704346642535,2413.998048780488,1433.279,3447.024134985049,2505.6789285714285,3554.2806666666665,4645.1602671118535,3443.4683380718534,nan,3487.3170588235294,4070.8256334231805,2607.2191551652027,2086.367345971564,4745.653751541926,5410.351351351352,2430.955002092926,2376.403068181818,4250.331111111111,4225.956192358366,4012.160345751809,530.7236497309107,3672.2309,1634.1650823529412,2176.2323392275885,1515.8946675374743,4918.053485592883,4830.218730745533,2781.2811839323467,4504.386491557223,2467.8518518518517,3187.611904761905,4888.327139072848,3076.906997742664,691.5602836879433,4634.748148148148,3460.8,4586.3888540228445,1050.753816793893,4882.596618357488,4236.370529327611,1358.9828600665132,1914.6941135248774,3058.442780748663,2523.9094955489613,4500.514745308311,320.62583174904944,3541.8116361927882,5514.152206432311,951.672,4344.90849220104,3305.519198664441,2201.052401746725,3255.5641521232446,3966.2833355534835,2977.7372861495196,-655.8547534408896,5008.561897106109,3916.5086314736054,3920.3546712802768,5312.7466430574,4226.152737752162,4958.681917211329,2926.882727272727,-487.84207541820246,3119.5705972010533,4874.3602277039845,891.8332899065238,1220.789312702411,4666.435412026726,1340.6575,2736.868123649659,4697.665160593262,4716.391304347826,2739.4103686635945,1048.158787878788,797.288851095994,3673.576645480987,2264.93,846.0753968253969,631.2113253012049,4620.317402597402,2300.7571547652124,1666.9233333333334,nan,5225.725609756098,1028.88905380967,2733.01,3409.15,2333.2381818181816,2924.6889873885284,2147.9702702702702,5286.378202712886,1593.420880952381,nan,1107.3209608188422,2936.443693524943,2175.424666666667,565.6875414364641,2523.1104972375692,1131.8797070189628,3194.5773798011837,4445.146770953541,1315.8318648789832,2987.816724137931,3400.4821864324063,3497.819320214669,4540.444240944241,5219.4291377601585,1242.4648877805487,3158.511510176159,1622.7352195945946,nan,181.99196922661628,964.8818494937898,1267.5712677113634,5059.419440042261,5006.9270502225045,4163.054539007092,4161.065802102109,4807.024101540217,3270.2971257704276,3010.366704480998,4739.612765957447,699.3858921161826,2231.3065714285713,4629.493701889433,2461.0350288801937,646.6250043211797,4604.561428571428,953.0502368139361,2531.187074829932,5091.790953008344,2831.81,2913.8542510121456,4827.082474226804,3020.648856593289,1575.8076279069767,1823.1263202840578,2269.6559734513276,3355.833689320388,2662.3051331768547,4671.714515265131,1444.0821928914256,5107.576041666666,3726.442857142857,725.180285559672,1439.8160869565218,1197.1926923076924,3657.9826187717267,327.25315789473683,4115.472157913976,1616.192,3857.010348583878,5512.446808510638,1403.7535335689047,1825.786544227886,1119.28695,3957.4527160493826,1943.841958387792,1012.8343413978495,3402.1215330307614,3398.227173046252,1717.3948247141382,4305.069670870502,1031.8378048780487,5565.6,4726.1560368758355,4203.356907072121,1042.985,871.0386486486486,1201.0094021388072,3352.7567843137253,2611.391846153846
2019-11-25,726.7051984126985,2831.8156748911465,1048.5170013104932,4136.51952636611,nan,2449.780135603268,1153.4458333333334,1554.9433730463793,2372.5441463414636,1472.12025,3355.0369421311125,2394.9325,3445.940666666667,4579.50915141431,3397.6200568622385,nan,3205.518235294118,4508.864393530997,2505.2605604349646,2211.1103317535544,4842.0071213680485,5674.746621621622,2228.843527440302,2299.8245454545454,4614.987777777777,4140.115194462755,3849.407625812504,396.7734308152206,3424.50345,1570.8368235294117,2189.182013099539,1454.1367663739697,4977.192223933712,4967.205791743684,2653.8402542372883,4403.136092819065,2553.1411042944787,3150.1590476190477,5082.914039735099,3070.422833935018,735.9829787234042,4610.658154859967,3361.449074074074,4635.127023973892,1046.3125530110262,4345.64578313253,4312.07296137339,1339.7152724481964,1729.1429572529782,3028.1423529411763,2788.739705882353,4575.22192513369,628.3542263610315,3255.0018404667735,5313.542056074766,1094.5837837837837,4572.013630587963,3203.9466666666667,1831.1590247452693,3411.021599499801,3893.750565686144,2924.5616662766206,-767.1452745849298,4789.561126005362,3604.809678629486,3867.9515570934254,5385.937730559244,4181.593974175036,4737.111111111111,2818.381590909091,-373.1280972417017,3077.1939864209508,4879.343525930422,895.7004070335396,1233.9290469621544,4363.881544745637,1330.74125,2800.5561190555372,4656.929834905661,4436.020618556701,2520.1243376084785,1039.879696969697,610.464111866969,3790.066041801336,2187.425,828.0295857988166,433.7740963855422,4705.718051948052,2068.5976660183383,1711.0433333333333,nan,5071.479011509818,1025.3830037704945,2359.992972972973,3422.84,2308.787272727273,2933.5746004957546,2306.9886486486485,5299.160308938495,1538.9125,nan,1104.885565705481,2861.8005035744795,1728.11,581.6822375690608,2336.992660550459,1136.4166629218532,3404.5037134457684,4370.879027433552,1353.865466323048,2830.1594827586205,3400.151663405088,3606.0714285714284,4347.082401950823,4960.282248081208,1226.3319201995012,3062.579069767442,1627.9154899894627,nan,257.09050966608083,958.6444003757437,1267.0924958553599,4917.833860759493,5086.631699968284,4596.9562411347515,4075.4265614757937,4674.216552315609,3233.43756865617,2915.201871278707,4815.067796610169,692.1576763485477,2128.7405714285715,4739.737164348815,2265.462169213567,454.47099057507256,4675.538571428571,960.404929474209,2471.1043083900227,4675.128947368421,2834.487619047619,2794.905775075988,4552.821205821206,3028.8747862029645,1580.2279069767442,1813.933517569875,2168.4490586932448,3161.597087378641,2522.052588625351,4338.295978552279,1406.0366790984272,5188.755,3729.667142857143,1057.0933889468197,1477.432608695652,1211.586923076923,4113.233720930232,293.2105263157895,4034.878832205766,1754.4881889763778,3746.1651226158037,5569.924731182796,1403.360968711331,1733.2296567019648,1136.2406,3982.423333333333,1670.760450899325,1016.1656586021505,3361.6266846361186,3739.0761357216443,1387.9634602619033,4303.251731035544,1005.1719024390244,5399.7959183673465,4695.541825160207,4156.311518062644,1025.895,869.0294594594594,1197.1994973070018,3768.7454117647058,2692.6891538461537
2019-12-3,734.5228571428571,2712.469180565627,1053.4140690817187,4126.258403000809,nan,2483.3424045942943,688.6616666666666,1550.4470615500065,2202.3368292682926,1226.06875,3184.0275582140566,2291.9385714285713,3395.7213333333334,4408.130148270181,3009.3994832041344,nan,3126.231764705882,4428.467493261455,2408.952739439565,2481.097962085308,4912.8596221976795,5627.77027027027,2187.2377959354703,2121.0627272727274,4487.922222222222,4002.2603394298894,3793.9577134432384,461.42516415428287,3233.7138,1535.8983529411764,2165.649028584845,1379.1190463599974,4882.891299729113,5192.141800246609,2539.5771018166456,4265.234610552764,2550.8024691358023,3080.3380952380953,4953.1296158940395,2541.423094271538,800.4366998577525,4509.835808580858,3329.5205479452056,4675.314006024097,1053.1872200577775,4294.557971014493,4410.600858369099,1335.4135107471852,987.0497373029772,2924.3751604278077,2705.1548672566373,4317.585106382979,680.5998761226385,3207.558983595004,5071.8906308324,1318.466307277628,4737.907798960138,3151.016694490818,1587.736171761281,3327.5838212722415,3438.8070619586942,2960.403146278469,-914.0641156710968,4617.031618435155,3525.8620215161372,3819.9532467532467,5436.994541162585,4063.0975609756097,4809.936581382689,2442.1177272727273,nan,3040.935467780077,4769.998842394914,865.9890267330924,1257.7664627563872,4382.086795252226,1357.87375,2729.438750934308,4503.288465317351,4753.326086956522,2393.1148674606225,1032.5175757575757,512.5425774754347,4036.2896310261244,2139.2525,860.1881188118812,434.04493975903614,4592.238181818182,1256.6335093081411,1666.5933333333332,nan,4979.880501015572,1009.2380489302897,2178.508108108108,3382.71,2215.7636363636366,2976.932548688447,2616.883243243243,5203.88931801055,1509.827238095238,nan,1088.9723743224279,2785.1192974042324,1630.0846666666666,573.8603038674033,2052.401473296501,1159.634537611216,3669.336337962784,4272.215552990467,1390.1931596544998,2771.379827586207,3387.066927210552,3541.645614035088,4343.7077908869,5000.686153083973,1205.8687032418952,2899.659289916541,1595.1295085425015,nan,75.03760518934081,968.6775876460767,1299.02680302746,5263.820349761526,5104.667911337094,5014.459787234043,4031.6269051576805,4538.978295016422,3120.132552178689,2996.6983541430195,4906.949152542373,692.975,2038.7348571428572,4475.765570328901,2153.051994036526,527.0284808350187,4915.575714285715,959.9657179724043,2405.978296080337,4607.76129881527,2259.082380952381,2767.73556231003,4493.314583333334,2890.819866039618,1580.058976744186,2018.3342547023528,2152.931673582296,3010.5116019417474,2536.717777324217,4982.865415549598,1363.7937437161484,5412.357708333333,4219.137142857143,1279.5635425738594,1421.83,1188.118205128205,4017.499417927823,311.40245614035086,3837.948747638491,1707.0787401574803,3219.410996189439,5051.404255319149,1413.3873587570622,1509.3718729504358,1117.2428,4071.8693827160496,1445.9918725043287,1001.4818548387096,3165.398604338322,4004.1684553277737,1419.6098561014608,4038.2598861363285,989.5270243902439,5254.363636363636,4554.893066456455,4186.989987985583,997.3,864.9113513513513,1191.4104257916279,4126.91494117647,3025.705
2019-12-11,692.4402777777777,2683.816533720087,1052.5765333582945,4254.130715108725,nan,2459.2935085623258,746.9716666666667,1562.867160056058,2090.489268292683,1232.29425,3155.083493487081,2311.6170535714286,3351.0353333333333,4426.472454090151,2838.2833505687695,nan,3023.914705882353,4320.25320754717,2445.250941028858,2615.206018957346,5027.0035716719085,5002.7340067340065,2300.426298157454,2050.023409090909,4586.604444444444,3939.8698088332235,3566.312223562525,401.00935608289205,3000.7937,1477.3432705882353,2125.7759798317356,1257.3128283359729,4855.060602841588,5097.661937075879,2535.9479254868756,4245.203075957314,2634.604938271605,3095.4090476190477,4915.716529801324,2599.0955816050496,795.1578947368421,4517.714520098441,3298.261467889908,4652.03640472006,1060.9189239332097,4123.130434782609,4265.6695278969955,1303.4128487330433,1949.8075035063114,2738.4427540106954,2784.3293768545996,4364.008,404.298205580334,3184.957160198927,5222.782592454239,1311.1967654986522,4557.570603189277,2878.317195325543,1623.6843829632326,3143.5890512193737,3269.261952323878,3107.6425402755076,-801.5496698679472,4479.831993569132,3207.3710282712036,3400.8598615916953,5410.924745462594,3998.8847262247837,4617.320893489512,2475.724318181818,nan,3068.2970653710086,4724.36978810663,842.1335102399636,1278.3078860569715,4312.378247958426,1376.8825,2764.0138888888887,4072.8707743710693,4517.432989690722,2394.0818713450294,1038.5681818181818,308.85162509448224,3905.329383248047,2164.125,878.3801980198019,310.89228915662653,4477.645974025974,1699.1378160600166,1664.1533333333334,nan,4848.848238482385,1003.2373283289261,2588.9324324324325,3639.39,2165.0554545454547,3208.028270042194,3075.2456756756756,5160.974835061263,1474.7117380952382,nan,1076.1705968136919,2738.8958991954214,1602.4813333333334,499.99777624309394,2010.302752293578,1194.7711319822047,4048.7247088862237,4132.488035210666,1574.8532720370563,2684.5703448275863,3166.325831702544,3542.6017857142856,4378.680109711499,4880.486874690441,1199.6667082294264,2706.096142006977,1481.3891812250054,nan,-16.93124288341946,983.3548387096774,1344.0920863309352,5106.310052910053,4981.59409007864,5141.238510638298,4192.726762013997,4450.227408566956,2939.348773343098,3025.5274943310656,4839.5084745762715,686.2674897119341,2098.250285714286,4388.911134435406,2241.2248835041937,515.9373366341408,4820.902857142857,959.8119904990909,2259.348234531908,4354.307726075504,2283.207619047619,2755.869300911854,4539.06237006237,2745.2882491270575,1600.2355787123186,2052.167029905408,2081.359922715981,2839.737766990291,2628.434924520604,4827.026723677178,1329.0827455368,5666.780208333334,4274.66,748.9292462311557,1474.6482608695653,1197.2715384615385,3942.787037037037,305.83964912280703,3738.9945758166746,1608.2619047619048,2967.358583106267,5154.763440860215,1472.3809187279153,1526.8753865858612,1100.4898,3817.036172839506,1811.9696809074526,1001.804435483871,2946.380684206102,4169.415542560968,1401.4734120862288,4041.514769230769,992.1885853658537,4886.188118811881,4587.329974983722,4114.950970582349,1003.02,864.935945945946,1191.5424592635131,4302.710705882353,3023.4504615384617
2019-12-19,684.4705158730159,2405.4205946337925,1043.6520014509204,4467.720015690889,nan,2436.5744150719697,764.9233333333333,1565.0038479366083,1934.9039024390245,1242.3445,3067.1817987609484,2376.74875,3518.404666666667,4467.020066889632,2742.7081933316103,nan,3229.0270588235294,4341.141509433963,1929.490589711418,2805.817962085308,5003.239604137906,5111.347972972973,2143.205826870677,1973.26125,4999.136666666666,3681.128027681661,3470.8844066206525,348.3124327480953,2896.51125,1454.3413411764707,2273.951416173107,1196.6516438305455,4750.217330111267,4783.466995681678,2357.58958068615,3946.444967074318,2644.239263803681,2899.9602380952383,4900.440013245033,2764.4486023444547,831.5803698435277,4583.608408903545,3536.5183486238534,4618.695706753703,1071.1269513132438,4055.756038647343,4160.211731044349,1280.6721269516254,1935.2608695652175,2679.4658021390374,3044.777777777778,4641.552,758.6093206951027,3171.537801965467,5345.986557132188,1489.0616621983913,4088.9473076034205,2843.641068447412,1601.004730713246,3183.5284788540243,2963.018254497002,3014.8085754451736,-869.0414947271894,4515.889871382637,3123.225043782837,3361.019047619048,5235.081292416642,3847.435786435786,4463.419776627622,2523.0779545454548,nan,3015.6331264202186,4794.690332010859,847.2205961353758,1313.4660269865067,4205.560178306092,1396.26125,2770.4291649356046,3777.706823760432,4490.073684210526,2398.1807432432433,1038.1072727272726,249.80651549508693,3776.4874764341503,1682.4275,900.2039603960396,160.3901204819277,4323.847792207792,1844.8107807724368,1668.31,nan,4725.160744500846,1010.0557877676363,2505.375135135135,3533.535,1939.1172727272726,3345.5061728395062,3306.38,5264.624941132147,1442.844761904762,nan,1065.9386384899015,2723.209199880132,2013.322,405.50855674802136,1681.6427255985268,1259.6663371230845,4073.2864049506866,4065.869071019571,1686.4489568458082,2659.8562068965516,3410.8752446183953,3430.090909090909,4473.630116065974,4829.631135349529,1162.4439401496259,2637.01446796867,1394.9440928270042,nan,277.2544077992118,991.5828111946533,1347.2033781670316,4618.7228979376,5067.736415633937,5129.121560283688,4165.441590972938,4468.122754491018,2764.6849942027216,3204.858075503832,4794.723404255319,749.9211618257261,1581.37,4311.164450664801,2133.502515840477,546.8943443283499,4830.134285714285,964.0044867377311,2236.71784904438,4222.9587538394035,2418.342380952381,2537.6399594320487,5014.247916666666,2620.3714916654794,1578.777633048009,2212.9034171328435,2000.3866777224987,2705.2689805825244,2667.6910399020308,4872.3775401069515,1319.0111882215592,5538.125416666667,4389.098571428572,1771.3458566883805,1408.1747826086958,1218.9023076923077,3410.1676300578033,268.53280701754386,3565.5798099183626,1651.3790322580646,2870.0795640326974,4762.376344086021,1479.812190812721,1575.4574810280753,1099.3319,3657.726049382716,1862.3942392648878,1048.8763440860216,3183.466436742934,4403.9993686449125,1443.9617341174267,4025.4272083718065,979.7283902439025,5265.19,4510.430739712886,3866.5567556755677,1021.525,854.8345945945946,1190.0008613264426,4510.676039215687,3030.5974615384616
2019-12-27,637.3517857142857,2392.18636693256,1049.8460989422447,4524.123191958814,nan,2574.2837890407914,779.475,1561.8750680577423,1911.9004878048781,1331.575,3059.0333404573626,2301.467232142857,3355.7446666666665,4482.011705685619,2770.1685189971568,nan,3202.2141176470586,4464.60269541779,1906.8460895023004,3053.524075829384,5103.871519037271,5193.835016835017,2090.0850439882697,2031.7822727272728,5031.108888888889,3612.6059308072486,3498.975943174965,340.85654285677475,2833.5142,1404.5785647058824,2258.603262623595,1226.2075025775239,4711.084827238202,5143.269704433497,2386.19406779661,3953.1454602576187,2860.716049382716,2821.895476190476,4780.703417218543,2619.436355515855,844.0626780626781,4449.464811783961,3342.2718894009217,4652.39892081817,1067.3363373711136,3798.230024213075,4057.4291845493563,1264.025851036601,1663.7752454417953,2520.026229946524,3037.707100591716,4819.686327077748,1736.0925016737335,3127.2743969298244,5321.239162929746,1580.9,3895.659004273998,2600.434056761269,1487.520203858755,3168.7464756707595,2904.5674703609966,2780.329678021465,-765.2759866994362,4428.351995713903,2857.6263131565784,3188.5993061578492,5128.972406669618,3597.0806916426513,4424.677384196185,2592.443863636364,nan,3039.966404640723,4875.949124238571,874.7133599283562,1350.6056498530559,4299.441886372076,1437.28875,2749.2012306668885,3658.063286163522,4440.210526315789,2184.4173579109065,1029.8139393939393,222.28450491307635,3517.489039694081,1764.0125,914.8475247524752,139.80373493975904,4232.115064935065,2217.319255348708,1313.3511705685619,nan,4505.899492385787,1010.9377271253818,2674.3613513513515,3486.48,1926.1536363636365,3465.909810126582,3704.0697297297297,5372.672602223479,1414.340976190476,nan,1054.5423602894643,2649.030763006473,1823.6326666666666,316.732955801105,1712.9080882352941,1282.2528983553518,4346.132925838524,3985.191786675783,1994.710211046876,2639.721896551724,3327.786588350465,3404.0352112676055,4422.832773536896,4836.570225414912,1172.2425935162096,2518.867152236356,1294.4582806573958,nan,244.95977722772278,1010.284984358707,1363.8248232275828,4869.287605932203,4867.243850182511,4995.1304964539,4084.090059930705,4674.868169496362,2760.745880629806,3263.021850170261,4442.37552742616,755.546218487395,1577.9922857142858,4049.57566480056,1917.1884665548723,452.66719256642307,4806.348571428572,968.8014780275371,2103.9256559766764,3780.379929886065,2337.6466666666665,2550.6393110435665,4862.77366255144,2466.9769115655954,1559.9789728321548,2312.466461427833,1920.2048026497378,2583.7016990291263,2724.319336734694,4887.261521972133,1300.2895479309898,5393.576041666666,4138.7,1854.4878289473684,1355.2139130434782,1276.481282051282,3624.354725787631,216.59315789473683,3538.865740740741,1666.234375,2704.9297002724797,5092.956989247312,1508.8230198019803,1137.1551293265027,1095.95525,3640.974320987654,1562.8141408430797,1060.844758064516,3205.2909152199563,4499.138718144665,1353.1059277975617,4433.634266379576,938.6923414634147,5126.313725490196,4305.080431802605,3910.4601141026924,1072.585,857.0197297297298,1186.5697874784607,4634.6071764705885,3197.7346153846156
2020-1-1,442.5161904761905,2397.906453952139,1058.9408185711277,4492.982641953516,nan,2600.1702397599624,699.31,1566.8526421119236,1955.351219512195,1222.31325,3022.24620969464,2300.6311607142857,3264.8746666666666,4387.970345963756,2738.11294908245,nan,2799.508823529412,4289.329191374663,2004.7232441471572,3264.3003317535545,5226.439076428782,4565.498316498317,2125.342270632593,2006.4006818181817,4770.837777777778,3503.8495633547536,3358.0002680605817,261.3102215954778,2709.84855,1389.3816,2187.8811982864854,1172.233701169603,4693.815026292027,5139.95381773399,2385.6758358019465,3940.1002199183163,2877.840490797546,2860.089761904762,4701.051284768212,2535.985695127403,832.3399715504979,4421.907742998353,3916.1428571428573,4623.9023471821265,1090.0334543912202,3744.6198547215495,4295.4226361031515,1260.7006141248721,1675.7519271198319,2402.057192513369,2993.7241887905607,4643.5778364116095,1131.8952131637996,3101.7346515270165,5400.39798206278,1582.1962864721486,4383.227782272044,2456.8964941569284,1383.2897706589006,3070.5109418518728,2780.7146663114427,2778.123916608105,-783.5894572838224,4374.525174076058,2717.950713034776,3179.7733564013843,5156.097816465034,3575.038961038961,4595.754428999728,2601.2143181818183,-704.8393258426967,3067.01048450418,4944.761769172362,824.3728507229387,1363.1393870329275,4411.037160906726,1466.27875,2728.4324099492555,3583.4834463110324,4336.552083333333,2152.647293666027,1037.1048484848484,188.2545427059713,3323.4879073525453,1781.9725,929.8888888888889,86.77975903614458,4193.7585714285715,2235.552931369825,1352.428093645485,nan,4355.8140243902435,1003.7999385791305,2595.7824324324324,3156.11,1934.5381818181818,3474.9687714300785,3763.9437837837836,5195.389407218924,1388.2157857142856,nan,1053.5653083124673,2638.188910534992,1777.6793333333333,304.84640883977903,1777.3853211009175,1297.8244281669888,4463.830909090909,3942.42158789847,2124.580289047536,2593.738448275862,2974.589442815249,3461.868092691622,4253.8195404636035,4787.644642415244,1168.61319201995,2407.4614569083446,1327.719375922412,nan,279.75528978840845,970.5162771285476,1366.834475421634,4830.748019017433,4750.558767471411,4916.879503546099,4134.6867845019315,4688.829750889679,2881.02062610606,3319.3643586833145,4473.2194092827,725.4372469635628,1640.1768571428572,4346.76933170049,2008.2095211477547,331.4263549795116,4568.095714285714,969.8522960530174,2022.901846452867,3591.4758771929824,2409.785714285714,2562.0405268490376,4817.629166666667,2328.521274321146,1539.5295868998883,2413.3404413086464,1871.5117435755733,2456.4824757281554,2735.2593102744618,4732.990364025696,1284.872908289013,5424.261875,4237.788571428571,1563.7379919765804,1378.0917391304347,1286.1508974358974,3658.9337209302325,111.27719298245614,3500.0692659153215,1663.5,2683.7593903102884,5023.957894736842,1545.9695951917977,1133.464854732896,1100.75035,3379.677777777778,1614.9172231054583,1043.7540322580646,3060.6481481481483,4480.655036054896,1310.3496094726236,4379.554172429691,920.01,5165.078431372549,4311.321854440789,3856.9593081383723,1067.135,856.9121621621622,1171.1959362435382,4651.133607843137,3242.9283846153844
2020-1-9,392.9315873015873,2347.695431472081,1058.4911718247236,4572.706808208095,nan,2824.188584872455,520.5583333333333,1591.8238485874044,1963.6246341463414,1097.31675,2983.752029047416,2300.366785714286,3357.8713333333335,4127.472039473684,2336.825322997416,nan,2784.84,4449.7341239892185,2092.504598662207,3352.162796208531,5250.410028937904,5132.9425675675675,2106.097024308466,1855.2125,4534.827777777778,3430.138078760916,3315.8053210025464,184.96779562600287,2689.4615,1378.189411764706,2081.7134974906817,1166.410711500176,4717.600239012083,5112.156693399136,2415.8434193821413,3905.15664160401,2970.9151515151516,2894.512619047619,4602.337655629139,2894.9715318572075,809.6059322033898,4354.565181518152,4951.550925925926,4763.466231483806,1088.50901187447,3654.8401937046006,4392.907010014306,1239.6412487205732,1972.0371408549404,2308.4816310160427,3055.6961651917404,5020.83947368421,1677.0703943781425,3163.109535931075,5411.800448430493,1572.3413978494623,4483.5773052923505,2415.2086811352256,1344.600291226793,3256.12346521146,2589.7809422411497,2810.2511137162955,-803.2993778340187,4308.774919614148,2653.8104052026015,3151.45974025974,5137.789287295263,3501.4164265129684,4353.931081449196,2491.7020454545454,-1084.9600520252693,3089.3992887493073,4999.692244913453,738.1127682438373,1407.2240748515565,4604.177299703264,1615.81375,2714.6886949293435,3489.824614780646,4309.736842105263,2153.7894777265747,1056.6093939393938,95.56856386999245,3164.9028331358395,1805.9675,945.360396039604,36.017590361445784,4079.1628571428573,2310.3350930814113,1421.94,nan,4321.951285520974,1010.3807517103714,2480.879189189189,3235.225,1896.7572727272727,3560.9365338960697,4027.940810810811,5218.057947799868,1375.0405476190476,nan,1060.290537379963,2620.651400062924,1664.7026666666666,313.57520718232047,1884.8766114180478,1302.0354558935874,4777.605600030939,3888.0355922064605,2134.213825526728,2570.520344827586,3411.2615083251712,3525.830659536542,4250.80065060486,4709.822508676252,1188.8884289276807,2306.3999931595868,1144.2617138032924,nan,357.6575205430511,960.7610601001669,1448.8813978225503,4811.1054583995765,5086.597774244833,5001.992624113475,4327.730163189811,4750.965139442231,2878.8441962651045,3268.508373545274,4432.98717948718,769.9708333333333,1628.7922857142858,4332.246326102169,2030.3257893266275,342.4343975202396,4406.407142857143,966.1787217196229,2007.7473275024295,3430.823168056165,2357.76,2581.4614604462477,5503.950103950104,2214.4209550962223,1474.2736744186047,2529.950079755566,1853.493086283186,2332.137233009709,2738.33574854577,4682.670235546038,1255.1452708728575,5316.673541666667,4700.814285714286,1689.1171270718232,1353.9282608695653,1329.431923076923,3735.8873403019743,64.99263157894737,3386.3488697983307,1558.748031496063,2352.3150163220894,4960.329787234043,1549.4975247524753,1128.3491815569162,1087.01285,3150.2307407407407,1627.535492081448,994.067876344086,3209.239485195155,4388.019175168655,1216.2744383097222,4511.385076923077,858.2293658536586,5628.05,4383.92191996711,3758.1870683615252,1098.22,856.4454054054054,1167.4252279417044,4801.52831372549,3737.548307692308
2020-1-17,383.63944444444445,2409.236956521739,1072.692408499485,4624.347634224075,nan,2813.125409820883,424.645,1642.3212772218953,1855.560243902439,1107.253,2933.1910760034157,2117.79875,3381.769333333333,4190.62273476112,2344.930989919876,nan,2925.8370588235293,4408.790673854447,2148.168966959431,3232.5855924170614,5226.783699082042,5124.420875420876,2137.731027253669,1831.6648863636365,4370.521111111111,3348.6027352117317,3310.3072232645404,113.19613355945008,2646.1189,1349.3722352941177,2088.703031546851,1208.3635344567763,4738.152755278184,5019.649414664202,2225.5311308767473,3874.869442705072,3074.7951807228915,2454.217380952381,4466.121841059603,2886.453357368184,830.4279661016949,4207.149339933993,4913.267281105991,4908.2206879236755,1085.7166295589482,3585.048426150121,4207.175965665236,1203.742067553736,1972.3378899404136,2197.550989304813,3094.4494047619046,5139.204301075269,1190.0575986025558,3216.1583336596063,5225.688224299065,1643.44474393531,4004.3355665935082,2172.8983333333335,1380.282751091703,3186.2322514636503,2544.4587718129746,2801.66114738806,-792.0585836909871,4303.7412268952585,2555.11955977989,2857.101987899741,5061.779253356943,3487.492795389049,4366.381535947712,2408.0645454545456,-621.5097189204307,3066.7206518124376,5042.060730203888,719.0163301856073,1478.5918195993763,4802.92161961367,1677.79,2686.1935993349957,3371.877456761006,4329.655913978495,2167.320448781987,1065.7890909090909,56.967074829931974,3083.0066250134655,1859.5175,937.0555555555555,63.47421686746988,4199.066753246753,2317.6735204223396,1458.4633333333334,nan,4382.082938388626,1029.868719611021,2372.584594594595,3201.45,1953.8645454545454,3754.2348504825695,4145.323783783784,5176.966453071994,1370.8376428571428,nan,1071.8917260545359,2619.215528220188,1681.502,351.3740521277918,1905.4099264705883,1340.444010065606,4865.444405756732,3841.253151574719,2075.5769404882126,2603.828965517241,3441.324694376528,3399.1392857142855,4203.981496543311,4701.0225470763135,1162.8988279301745,2213.5145465112305,1237.6582438408086,nan,345.4485353068147,1002.692612687813,1497.798817493587,4692.893538135593,5095.003572562719,4669.895886524822,4359.121942083948,4754.295289597268,2852.0237383291633,3278.0533484676503,4666.190677966101,781.418410041841,1766.2854285714286,3840.995713785864,2133.840462212282,333.8235886125299,4296.591428571429,959.7828541266513,1937.5069646906381,3417.6505706760317,2277.55,2447.8977732793524,5384.747368421053,2133.6289621767933,1462.050976744186,2573.1203936724787,1818.8047907488988,2244.0023300970875,2675.6327602917922,4657.8960342979635,1238.0610841751934,5105.1622916666665,4525.038571428571,1099.2119666666667,1325.3508695652174,1354.6547435897437,3663.003488372093,37.45719298245614,3380.9719107969777,1611.56,2324.8955386289445,4818.924731182796,1575.4829475172291,1155.229219379627,1060.63145,2969.9851851851854,1718.5836454873136,1018.2745295698925,3250.5450874831763,4456.6151443665485,1100.023333301418,4514.05859735466,879.1797560975609,5434.275510204082,4274.062084561091,3802.6725035021013,1190.715,865.6256756756757,1156.1022049845578,4813.357607843137,3796.316307692308
2020-1-25,426.44662698412696,2255.603773584906,1084.2735505762594,4556.245335752286,nan,2811.2900121340112,490.37333333333333,1738.9695009786176,1842.9924390243903,1217.43575,2889.9235859124865,2412.541607142857,3315.039333333333,4308.459504132232,2272.64874644611,nan,2808.0252941176473,4247.513396226415,2038.0071099958177,3167.107345971564,5262.735180742765,5024.216216216216,2108.2984918307498,1804.896590909091,4512.633333333333,3309.215650741351,3331.9729928963948,194.9582927836402,2621.11575,1351.8457176470588,2220.6517344427516,1206.8243071366053,4534.137511618643,4900.9655172413795,2208.946677951756,3629.109370103416,3180.432926829268,2591.4064285714285,4550.648940397351,2998.0085662759243,889.4144271570015,4237.7037037037035,4963.731481481482,4881.300778307808,1103.9415522451359,3517.2742718446602,4284.466380543634,1214.046547314578,2230.2945301542777,2158.0500802139036,3150.6157270029676,4500.633952254642,889.5752864812886,3151.759622538079,5300.923364485981,1762.5853658536585,4208.529235035821,2180.769616026711,1390.614488532945,3174.3350386539337,2403.9309013446946,2836.6012183692596,-721.9729190700584,4217.788966256026,2562.1166395799473,2957.2378892733564,5033.489600236023,3298.689754689755,4339.323617542904,2314.275227272727,-539.114065780266,3064.3687385672843,5003.91473618305,776.119359723828,1488.2653391711149,4748.055205631716,1755.5125,2707.9599833956,3227.9686794305353,4164.344086021505,2173.4901674604394,1076.5166666666667,174.8242857142857,3178.7438190142743,1830.82,930.6349206349206,90.17710843373494,4128.366103896104,2528.8446790775215,1527.84,nan,4217.122338627915,1042.4380448690608,2575.64,3147.26,1930.0681818181818,3689.1255605381166,4143.620540540541,5094.132548280735,1363.9201428571428,nan,1071.6287145058332,2579.835583796664,1689.416,394.6379005524862,1743.7930402930403,1365.111889997304,4880.651136715125,3731.108139286477,2109.6356354264617,2687.145344827586,3383.448680351906,3372.266429840142,4039.997252467691,4603.567145688801,1154.1936159600998,2219.2099052570375,1286.322294874499,nan,108.63146700959541,1030.735260356882,1616.9198573573574,4614.541556379037,4945.3552485310465,4676.111063829787,4245.919327652402,4595.915751960086,2746.3505827790323,3374.24014743408,4626.190677966101,765.344398340249,1779.578,4066.1006822953113,2074.1140301844607,279.0095050190377,4233.644285714286,974.2021409194223,1945.8830579850987,3456.042944785276,2310.9009523809523,2445.93515704154,4576.717525773196,1967.744051859239,1415.1983255813952,2504.958567384173,1994.8590846047157,2211.462281553398,2812.62988670001,4584.067415730337,1256.7921842062592,5323.385625,4072.252857142857,1129.7630473135525,1218.0604347826088,1407.5847435897435,3759.8205128205127,73.62631578947368,3327.518827687058,1693.5873015873017,2272.436037016875,4948.688172043011,1573.3779151943463,1168.490487050517,1074.3639,3181.6704938271605,1484.6471918050158,1039.6680107526881,3372.438441471009,4562.378148468133,1096.0235777608711,4415.447384615384,907.462487804878,5022.653465346535,4167.641660098016,3731.997296485431,1282.33,872.0243243243243,1183.6262561010624,4789.1218431372545,3986.0023076923076
2020-2-2,497.33968253968254,2267.62291515591,1103.6003229429934,4342.12530339062,nan,2881.3123425459394,417.13,1821.3494532494235,1797.1070731707316,1229.71275,2884.8311965811968,2414.0264285714284,3329.876,4254.638016528926,2210.396226415094,nan,2658.184705882353,4561.553530997305,2252.2341137123744,3198.49317535545,5294.131438345358,5001.622895622896,2157.6716949507645,1804.4032954545455,4438.651111111111,3177.5455293923924,3335.336974733597,254.20738483386077,2578.55225,1327.3392,2241.351115678215,1259.29878243856,4482.004647580602,4882.809348093481,2311.744284504657,3599.9365426695845,3268.4,2628.0904761904762,4592.915311258278,3006.4216216216214,902.0184397163121,4349.060905349795,5099.944444444444,4779.330153150891,1117.6729128014842,3228.995157384988,4331.2861230329045,1224.7274820880245,2211.9229961498077,2119.860026737968,3098.1926470588237,4979.810160427807,971.9660335723855,3209.2361671300464,5350.62233843855,1738.1815718157181,4509.875375375375,2125.205342237062,1200.9111758281763,3166.8136547097947,2390.179360852197,2884.896793821671,-673.994597857879,4121.50937834941,2568.2761380690345,2886.6318063958515,5061.222222222223,3233.044540229885,4192.015527104331,2268.4029545454546,-245.53259653049804,3075.6678920776258,5038.889823109626,848.1628543053905,1524.1364399664149,4814.04565701559,1820.46875,2754.8215681383554,3225.64419107529,3971.021052631579,2035.0240380923124,1099.0860606060605,208.1962962962963,2994.2253043197243,1831.61,941.093253968254,108.7678313253012,4021.74974025974,2528.4103917754933,1563.8066666666666,nan,4293.434281842819,1058.4801064628405,2593.8045945945946,3147.26,2021.4727272727273,3661.4744502452145,4200.562432432433,5217.505515225795,1361.6240238095238,nan,1083.322785680874,2529.119331634947,1635.6546666666666,483.54453038674035,1808.6139705882354,1370.6341167483035,4906.735589941973,3662.0656641175715,2080.7844407299067,2579.821551724138,3380.245107632094,3487.544483985765,3856.920288383428,4495.183056725291,1160.6598753117207,2077.8530196293004,1314.745626975764,nan,129.7527118644068,1049.2211558522845,1661.584952291569,4562.076638477802,5134.634218054673,4762.083262411347,4161.56838507281,4592.362135231317,2735.1064258253496,3408.384964539007,4629.382978723404,723.2489795918367,1786.8108571428572,4321.925828741363,1981.4315789473685,270.2041196014498,4156.565714285714,980.9473437247973,1903.6958211856172,3396.3143107989463,2270.9328571428573,2449.341784989858,4534.247899159664,1951.2952991452992,1410.0158139534883,2647.781862304512,1984.2770718232043,2154.4014077669904,2891.8391736801836,4362.198178896626,1253.674682579578,5395.308125,4404.0314285714285,1321.5329398935146,1206.8378260869565,1416.465641025641,3752.4506387921024,116.27701754385964,3172.2013038445134,1721.336,2256.3694822888283,4853.053191489362,1588.303233786888,1091.1052631578948,1089.6078,3048.37987654321,1248.074528235211,1061.1095430107528,3375.709087846374,4447.524057951751,1153.185301493192,4364.77432744043,942.9790243902439,5576.42,4156.55146303022,3673.1102676787855,1413.455,881.8635135135136,1195.6092919718512,4819.029921568627,4136.991461538461
2020-2-10,560.0279761904762,2329.5772298767224,1114.7345751962837,4435.29094341473,nan,2969.682799433223,316.785,1863.558567870898,1927.4987804878049,1238.76075,2898.4656129859036,2340.0041071428573,3413.5286666666666,4042.3460264900664,1968.2209873352288,nan,2728.7435294117645,4579.878059299192,2321.7001254705146,3374.512843601896,5249.008620225976,5161.966216216216,2265.4926655490362,1797.4225,4313.636666666666,3193.023562366123,3316.2204650539434,266.5672500774036,2698.32245,1309.6639529411764,2189.53207967847,1279.2253226203034,4475.468502682318,4752.845252774353,2324.727118644068,3490.734149403641,3391.5731707317073,2788.257619047619,4518.409178807947,2742.4948268106164,889.8780141843972,4225.54149548069,5626.930875576037,4592.185240963855,1122.081243704607,3183.5277108433734,4462.080114449213,1195.9564772145418,2084.5923589204344,2063.44256684492,3115.246355685131,4832.833773087072,1278.5357607282185,3400.938395864338,5060.540732436472,1649.4933333333333,4599.2676219089435,1991.3422370617695,1166.5860939206407,3240.867894497499,2354.7059685584863,2949.654323880947,-607.7488861456962,4036.5439442658094,2575.9401100275068,2774.2759515570933,5289.435379167896,3196.2086330935253,4023.5544365813826,2275.57,-221.4741186345831,3050.9595118887064,5233.883816718549,885.490133185711,1537.9174212893554,4869.505567928731,1869.8725,2819.55375405338,3414.88569183934,3875.563829787234,2088.1199171397884,1114.8724242424241,250.83377928949358,2967.8479478616828,1883.65,919.9763313609468,80.70457831325301,4069.625194805195,2647.7110308419005,1771.8433333333332,nan,4538.9972899729,1064.693736884309,2831.5205405405404,3362.965,2045.4009090909092,3745.716915449127,4117.381891891892,5415.4795062659,1356.7457142857143,nan,1100.2334149629914,2502.7264745981092,1678.872,505.7981767955801,1879.889502762431,1356.0771581359816,4851.648137402808,3588.7592307692307,2093.286062547886,2602.577931034483,3243.4863414634146,3745.0125899280574,3873.221962141258,4459.673843108141,1158.705336658354,2000.3060533515732,1278.2930379746836,nan,229.45716101694916,1045.9434592113498,1678.4434050807158,4445.967724867724,5200.216435093291,4417.388439716312,4192.173760359601,4796.317482915718,2761.8251052663695,3640.3412765957446,4602.619658119658,740.4834710743802,1840.34,4598.260146955913,2087.7146982116246,339.4835897066064,4022.89,970.579048456858,1855.9491415613866,3391.4844229925407,2213.463333333333,2425.7738336713996,5154.56993736952,1872.3811253561253,1361.024558139535,2724.775293774013,2014.2397014100084,2132.4183980582525,3024.881314419839,4349.645799892991,1214.9840116750445,5290.9627083333335,4411.538571428571,1370.4246377740735,1480.3730434782608,1513.387564102564,3647.256976744186,136.4021052631579,3167.5483851310178,1632.248,1949.8207084468665,4957.956989247312,1589.2236354001059,1229.7802142879455,1120.10175,2994.6302469135803,1509.6684799886962,1064.447244623656,3128.263175590485,4445.376063264222,1191.643978914094,4515.897262380806,959.3842926829268,5758.767676767677,4144.270213786487,3804.702594410498,1472.535,895.0478378378378,1144.7315200229655,4818.284549019608,4312.174153846154
2020-2-18,682.6285714285714,2422.8115942028985,1115.9353770549349,4494.701519980387,nan,2917.5342847617108,510.485,1959.3450651385529,1970.8251219512194,1302.9545,2931.575058723041,2329.4294642857144,3262.4746666666665,4309.408940397351,1920.3923494443009,nan,2781.3629411764705,4261.684177897574,2337.3504809703054,3525.934454976303,5200.974741281008,5171.646464646465,2452.2577470686765,1656.8919318181818,4697.352222222222,3154.5893210283452,3459.0144713922014,242.0143440195906,2894.91725,1332.284282352941,2154.3011090247624,1289.0522053418927,4701.242291450881,4696.053053670574,2359.8494714587737,3412.5677966101694,3348.921212121212,2711.913095238095,4819.7077218543045,2936.9991047448525,892.1849217638692,4154.204938271605,5711.333333333333,4680.602234216141,1129.206668963872,3097.985576923077,4563.5250357653795,1167.1182795698924,1933.0157287661657,1965.243155080214,3028.09305760709,5010.625329815303,1398.013346456693,3480.227041415486,5179.327483196415,1706.55795148248,4750.272527726433,1936.1833333333334,1301.7700145560407,3270.1841282473993,2344.5744510978043,3047.4212984586643,-626.4417255982859,3978.042057326547,2675.051670211435,2702.4081104400343,5406.447100486941,3160.772334293948,4019.460762942779,2370.6386363636366,-303.945375803297,3051.870301429086,5189.961688804554,970.0039894483162,1638.4247930910399,4931.774851632047,2065.1125,2931.5995510848784,3425.23867544463,3854.4891304347825,2130.246579554189,1142.139696969697,311.8478911564626,2952.51580931861,1930.7075,914.097609561753,115.3087951807229,4098.019220779221,2668.5026396221174,1889.0533333333333,nan,4829.8109756097565,1066.3834985412793,2871.8997297297296,3204.835,2088.6436363636362,3805.068723628692,4112.023243243243,5505.207084982099,1337.231857142857,nan,1085.7091324326555,2455.524366851491,1805.7613333333334,456.59781767955803,1848.1672794117646,1347.049925852694,4922.452438977216,3558.9955988548477,2374.2367238917714,2657.483275862069,3435.6136585365853,3637.3701067615657,3749.5164276268947,4433.9484893511635,1170.7489027431423,2023.2967066789781,1296.3797548605241,nan,35.10132281595756,1029.2413936991445,1764.246449352437,4635.887301587301,5035.014851878326,4407.120567375887,4176.147516036896,4707.144845214428,2826.8417037895892,3650.411514463982,4402.178723404255,733.3651452282157,1984.7785714285715,4785.928196606612,2279.0806000745433,378.39151413436826,4319.912857142857,963.8344403876889,1824.9212827988338,3648.907854322071,2249.8347619047618,2528.0476673427993,5364.453608247422,1819.5322454215066,1359.7525581395348,2815.1699024762934,2067.5781898699142,2145.092281553398,3055.9246390121943,4345.078651685393,1210.3535687647955,5594.990833333333,4466.505714285714,1385.4953040356445,1511.1421739130435,1649.8557692307693,3575.364269141531,175.21421052631578,3252.9321228369486,1531.484126984127,1915.5293797606093,5043.351063829788,1563.5890459363957,1473.9410459885028,1191.9795,3199.7856790123456,1663.5394044296868,1072.3521505376343,3281.521863437605,4577.57649365322,1246.540504551009,4259.110786724032,1016.021756097561,5329.207920792079,4097.946205242419,3806.598920323903,1722.31,885.0927027027027,1088.4970197486534,4779.574274509804,4297.778153846154
2020-2-26,739.578134920635,2466.9129804205945,1111.9152177474084,4374.0059331175835,nan,2808.2863996739775,669.2725,1998.9378016302749,2016.9943902439024,1427.20725,3189.4082068818125,2334.465892857143,4008.118,4375.424292845258,2192.04187128457,nan,2720.7264705882353,4245.81423180593,2330.000418235048,3583.1,5164.910698661771,5482.748322147651,2707.0946795140344,1651.8864772727272,4694.373333333333,3175.7020435069217,3623.5074716879985,248.199826310894,3063.04845,1326.1624941176472,2062.9698088873256,1323.750444200017,4800.623798396091,4686.0863131935885,2510.736040609137,3334.669067000626,3526.411042944785,2862.6711904761905,4845.681695364238,2989.736154885187,817.6704545454545,4145.190632703369,4973.615384615385,4680.249278272876,1130.4555720496235,3114.1966019417478,4515.042918454936,1143.4131491430032,2245.725648213034,1920.3633689839571,3045.3944281524928,5238.122340425532,1310.2511228429596,3665.6576206140353,5433.848971962617,1639.7466666666667,4788.3370695632075,1981.0317195325542,1414.108117946851,3348.042064574807,2584.894435569755,3180.311314125088,-552.8170743780614,4009.6342443729905,2743.1499687304567,2722.542783059637,5380.512169936569,3125.116883116883,3937.2525885558584,2576.590909090909,-289.35904961565336,2878.858743545452,5202.465893562101,1032.0250236071765,1678.768169824898,5035.9428359317,2069.0875,2971.3975893599336,3621.6102327408425,3849.9578947368423,2262.718285013039,1142.9230303030304,328.62065759637187,2912.8964662788194,2202.26,871.5792563600783,162.85951807228915,3883.711818181818,2518.60600166713,1940.79,nan,5005.135702199662,1070.1468591121575,2798.9797297297296,3442.575,2268.4236363636364,3809.1681616715914,4109.121891891892,5681.171078662271,1334.9075,nan,1075.0523882896764,2434.048726400959,2093.0093333333334,477.8896546961326,1802.7624309392265,1303.1634312932506,4985.36763511161,3486.436688311688,2439.192142931773,2734.26224137931,3627.922401171303,3710.904424778761,3750.919633774161,4353.977447335812,1153.179102244389,2097.2423216362267,1361.0126742712293,nan,-2.8893223120027245,1022.3954702014404,1717.906858912207,4528.608764519536,5042.792506747102,4353.038936170213,4223.805749332834,4617.064273552781,3051.160065905901,3593.3882586500285,4404.381355932203,718.6543209876543,2168.005142857143,4686.077764170749,2449.6542151839776,431.55815857910557,4409.421428571429,953.8356744868036,1829.7690314220927,3763.1132572431957,2367.0790476190477,2676.1214574898786,5324.738144329897,1796.3379177652675,1337.7707906976743,2768.5820469610157,2115.401270367302,2193.585485436893,3124.006990865949,4336.950240770466,1215.1992670785296,5521.5079166666665,4499.788571428571,1331.861338206534,1376.0817391304347,1718.8774358974358,3532.5656213704992,216.68315789473684,3215.666422912858,1610.6048387096773,2358.9814814814813,4919.159574468085,1548.094152976506,1621.718631891301,1246.33345,3236.4891358024693,1828.2576394531388,1075.0715725806451,3323.4857190860216,4600.68427698033,1318.3991989441042,4208.512765302984,1067.212975609756,5552.474747474747,4096.8136562971085,3682.7693385369757,1771.49,870.2913513513513,1038.2306532663317,4660.2687843137255,4255.669615384615
2020-3-5,803.4702380952381,2586.9956490210297,1096.81350042123,4359.71108114734,nan,2614.915577619502,766.5375,2043.5084599225197,2228.9751219512195,1647.8185,3455.9380076955963,2292.6344642857143,4085.77,4407.462562396006,2275.9648397104447,nan,2723.4082352941177,4300.207250673854,2419.763697197825,3396.595355450237,5031.714334379202,5661.841750841751,2695.4774774774774,1734.6220454545455,4696.512222222223,3166.7516059957175,3574.9655588314126,279.63841354808295,3004.0241,1293.2148705882353,2081.090583853846,1384.0135549216236,4807.57007037578,4664.1355514479355,2605.395506570581,3314.7328316086546,3572.0920245398775,3114.442380952381,4747.680847682119,3024.119749776586,817.222695035461,4330.943940643034,5552.976958525345,4748.0529684950425,1108.3120559855795,3072.4602409638555,4755.153075822604,1119.0910951893552,2241.24474789916,2032.1553743315508,3122.3555555555554,3208.8016085790887,1355.5506698187548,3877.18223805237,5376.48692077728,1524.8847184986596,4955.115269115269,2008.787979966611,1558.1248634874407,3531.7667822429376,2829.1481678880746,3154.079138375088,-471.18475317642157,4145.566452304394,2896.3471735867934,2785.7150259067357,5025.638187988786,3257.326618705036,3933.885076252723,2816.331590909091,-252.75723270440253,2830.405443848193,5352.964244346125,1097.7424175824176,1700.1062732397745,5110.667284866468,2175.10625,3045.2105219414893,3965.1646029874214,3895.3617021276596,2270.387356939857,1125.7175757575758,505.63154672370916,2914.983302811591,2333.8425,839.9288537549407,269.61168674698797,3898.5175324675324,2621.5507085301474,2244.7233333333334,nan,5396.968167964782,1066.7655127702046,2546.5721621621624,3780.69,2350.1072727272726,3827.446238261053,4034.306756756757,5733.744015080113,1332.6927857142857,nan,1075.153151913711,2460.909417846707,1989.4353333333333,739.3003867403315,1985.954044117647,1289.408574124837,4753.18559053291,3344.411111111111,2359.2932859729767,2670.312931034483,3770.3948140900197,3710.51618705036,3714.2545288011397,4307.350681536555,1154.6021695760599,2226.919590943293,1389.5112893015405,nan,92.36889659013553,1013.4818447412354,1681.9220133262427,4515.907505285412,5117.059645778731,3982.2279432624114,4253.434403970409,4689.097335043466,2987.4658570818333,3611.0314715055288,4375.745762711865,723.0291666666667,2261.3485714285716,4786.916025192442,2539.4193999254567,478.54008875958954,4472.877142857143,959.2908693675861,1827.3624878522837,3764.76635924462,2523.6761904761906,2793.0151821862346,5035.908523908524,1767.383092372338,1332.6215813953488,2757.701357059405,2056.4380873410723,2232.741359223301,3190.1541679420466,4265.327097808658,1201.7137135351636,5137.970625,4493.914285714286,1313.3218361328375,1557.9960869565218,1759.5897435897436,3716.0535506402794,294.15245614035086,3232.219656349013,1483.6129032258063,2492.795318454001,4719.702127659574,1546.9261353596041,1746.3412698412699,1312.7002,3357.349135802469,1888.4298791263166,1069.7940188172042,3625.371043771044,4545.24408559277,1380.7982543680762,3973.636769230769,1168.1026829268292,5676.212121212121,4194.769573410998,3613.055066079295,1867.11,861.1662162162162,1111.0119910964313,4621.255098039216,4074.808153846154
2020-3-13,879.9607142857143,2573.8158085569253,1094.4684889190517,4359.468225948808,nan,2540.7605271200096,970.4808333333333,2038.8679909507257,2304.1934146341464,1892.709,3730.6377616403247,2272.4530357142858,3956.5233333333335,4604.501666666667,2693.8852416645127,nan,2792.558235294118,4179.958571428571,2447.4596403178584,3164.75327014218,5002.975440785723,5696.074074074074,2671.4512884978003,1845.2043181818183,4801.3422222222225,3186.392192390051,3645.5750569628735,276.3703806221806,3449.649,1303.5614352941177,2067.58038594639,1472.3051671491455,4858.474771616741,4791.275308641975,2667.31326833404,3121.5665411173886,3491.506097560976,3124.165476190476,4649.6397350993375,3077.80846325167,752.9110169491526,4301.487644151565,5486.143518518518,5026.962725903614,1075.9210379834071,3109.507281553398,5331.300429184549,1075.8902813299233,2122.9145359019262,2064.490026737968,3008.5964391691396,4574.257978723404,1389.5076589879898,3902.5673867104956,5399.7240477968635,1568.032258064516,5349.445252945253,1968.9949916527546,1593.999635966509,3445.464275564145,3300.109291799787,3141.098264540338,-419.47212308888675,4152.071772897697,2982.726397399025,2694.19360414866,5403.611152087328,3303.1122302158274,4119.472479564032,3034.384090909091,-252.6394015659955,2664.3571520951887,5350.36093708471,1161.4665537679932,1806.927316341829,5234.245822502785,2263.9825,3189.9253322259137,4497.942758959254,3860.8709677419356,2396.2688031894504,1174.280909090909,715.0090401287991,2828.77711946569,2320.755,837.8853754940711,367.0746987951807,4080.38,2425.2406223951098,2334.0233333333335,nan,5589.945799457994,1067.9785713067067,2561.997567567568,3750.48,2332.8045454545454,3895.26023422663,3942.6083783783783,5661.253107344633,1352.2906428571428,nan,1075.0493905291253,2412.7063663339627,2038.0466666666666,851.8468508287293,2005.9189686924494,1277.1892778501774,4581.298437620852,3225.1401282051283,2322.162214870277,2600.126724137931,3802.4697265625,3769.8950177935944,3655.298170731707,4445.547076313182,1171.7329177057356,2413.6436510379262,1528.939253322084,nan,124.42320660747981,998.5760517799353,1613.420899537095,4555.707497360085,5017.041355770757,3901.2839716312055,4252.023436036711,4665.054946619217,2973.7031793494843,3812.5761270201306,4245.574468085107,721.0083682008368,2324.7774285714286,5007.409902029392,2560.6614495994036,489.7056813107846,4502.158571428571,962.1273975013197,1807.8760932944606,3775.5484861781483,2615.5561904761903,2899.8784194528876,5025.438669438669,1772.4924884300463,1334.2264186046511,2733.165595650025,2065.82471661598,2250.473058252427,3278.8499158549644,4073.9935794542534,1159.762664591036,5242.99375,4169.591428571429,1298.5771129921766,1677.8995652173912,1946.453717948718,4048.4901277584204,371.62087719298245,3400.9333536399636,1555.6692913385828,3032.375476839237,4752.627659574468,1535.3212645708231,1881.2401749453295,1445.57665,3440.621728395062,1928.8478468223407,1046.027553763441,3561.920473631172,4504.869588331063,1518.6470757502746,4010.196675900277,1289.9393141128835,5689.41,4215.599910900929,3602.4732312618835,2028.89,866.3159459459459,1099.86428879001,4527.624274509804,3854.985230769231
2020-3-21,949.4306349206349,2912.0485859318346,1129.4898964488386,4234.893089161825,nan,2534.2864538954545,1090.7833333333333,1995.7099640986405,2330.9048780487806,2035.845,3787.168659265585,2309.5870535714284,4033.0713333333333,4620.029900332226,2709.5906976744186,nan,3133.3305882352943,4203.770136941988,2607.903010033445,2972.435402843602,5015.77190233197,5524.377104377104,2929.0557184750733,1850.7807954545453,4771.785555555555,3263.895534684462,4117.158212155733,252.7915755909771,3593.5013,1321.9195764705883,1957.2232072093227,1542.4170200503374,4828.456884875846,4849.230343980344,2732.620616814533,3043.222605965463,3186.0119047619046,3195.3709523809525,4686.431271523179,3155.6038669064747,849.6957142857143,4113.7180327868855,5623.800925925926,4779.362666331911,1091.4353761331708,3132.3607748184018,5452.054363376252,1093.6987212276215,2163.737044817927,2269.44820855615,3060.748878923767,4485.412398921833,1363.3954706577392,4005.6365985435755,5429.072149532711,1527.3670212765958,5263.91993067591,2001.4424040066779,1677.417182380779,3495.6716120964074,3452.605887053809,3336.872748538012,-395.5816151322031,4070.8837084673096,3250.092296148074,2669.911130284728,5593.647779253357,3270.0547550432275,3990.465395095368,3192.503409090909,-286.02840352595496,2544.134544681952,5201.195605146306,1202.1301431199831,1799.8827515893006,5226.619383587077,2308.6375,3329.2677977378576,4736.889161835511,3850.872340425532,2516.7742679271387,1207.8030303030303,966.8319425547998,2934.325989765688,2565.3825,873.8613861386139,499.05493975903613,4028.694155844156,2456.5179216449014,2501.233333333333,nan,5783.347884940778,1062.5157129695976,2629.0267567567566,3938.815,2505.9645454545453,3874.905940071745,3713.32027027027,5671.126294970804,1373.4099761904763,nan,1079.2274715901274,2383.812674199059,2211.002,891.9169198895028,2252.9447513812156,1270.0656511189,4488.019154122973,3238.6095706045717,2286.9722106142917,2644.591724137931,3885.3883732291156,3915.4901256732496,3638.180217767376,4372.766031195841,1173.0157605985037,2597.7424848671385,1541.7052631578947,nan,136.32212044315156,988.5434533124674,1472.0276517876694,4561.199470899471,4993.622338735304,4024.465460992908,4195.081335456078,4631.946753986333,3037.667114175871,3748.904424276801,4352.134453781513,701.3086419753087,2550.830857142857,5003.588086074178,2778.5990495713754,535.1632243711557,4571.788571428571,959.6444343440268,1820.1762228701004,4141.179025888548,2705.3742857142856,2897.9848178137654,4757.573498964804,1973.242467412209,1420.0896744186045,2666.7469110841535,2168.9894940558474,2377.2826213592234,3341.2304711401184,4197.798607391537,1164.5403262420548,5518.450416666667,4135.894285714286,1316.9546402335354,1887.453043478261,1997.8076923076924,4044.018561484919,527.0738596491228,3405.84704448507,1633.224,3175.4117647058824,4404.468085106383,1575.1556262144497,1964.1698113207547,1484.66455,3581.4525925925927,2036.9392118748895,1051.4327956989248,3698.85381248948,4476.982187956932,1615.4179492391352,4020.4294723888634,1346.6231219512194,5682.040816326531,4252.548226828851,3674.1735652869424,2069.46,874.3851351351351,1104.482404481471,4200.315098039216,3598.739923076923
2020-3-29,998.0871031746032,2876.4492017416546,1133.430258000351,4141.629891144455,nan,2446.2045492433363,1359.5908333333334,1994.7243398738974,2455.8536585365855,2239.24225,3831.3378205128206,2345.664107142857,4127.508666666667,4678.968227424749,2834.6681313000777,nan,3143.4994117647057,4029.9542268708215,2691.5403596821416,2791.03663507109,4964.129937283279,5373.314189189189,2932.6624737945494,1931.332159090909,4876.626666666667,3255.0088991430457,4246.9826430773355,251.91790622192414,3892.8104,1330.591411764706,1999.3167718268526,1615.0558334699404,4374.010276973737,4962.518792359828,2912.534263959391,2922.4219924812032,3195.5092024539877,3463.412142857143,4825.365033112583,3158.867746288799,833.1022727272727,4117.756578947368,5719.397260273972,3997.7466733617875,1107.579869579048,3115.330917874396,5471.802575107296,1087.194479938666,2254.8571428571427,2290.21192513369,2955.4208211143696,4432.720430107527,1376.0018909549322,4046.0371138863875,5330.060141949944,1527.3817204301076,5182.980238067722,2021.9015025041735,2061.368497635504,3762.3806411276573,3673.42103861518,3220.7816307403937,-352.2569388199031,4150.0718113612,3329.2313656828414,2689.4369602763386,5358.5194747713185,3254.7744252873563,3963.7983124659772,3298.0209090909093,-125.15962048276825,2461.7578100463707,5168.9411463275765,1231.880596528931,1823.024347826087,5270.60497032641,2402.42625,3411.0291528239204,4902.629196936972,3793.978494623656,2586.762402088773,1247.2790909090909,1146.7765986394559,3083.9990843477326,2609.665,887.5168316831683,544.1234939759037,4055.803766233766,2575.0147263128647,2709.73,nan,5853.411645226811,1074.5405626738095,2745.2105405405405,3937.39,2507.409090909091,3829.5740662587045,3623.4348648648647,5675.763376036171,1373.286761904762,nan,1080.407643837878,2432.043736234099,2229.8926666666666,939.7215055248619,2280.424632352941,1264.459129106188,4389.94674556213,3166.6453997692406,2213.5624477570354,2672.2575862068966,3978.7134474327627,3907.401801801802,3651.0807124681933,4304.633481921744,1163.41246882793,2720.7207974285325,1580.2852922557502,nan,137.7906667491341,1002.3022430881585,1450.7926192337763,4352.399261603376,4926.672727272728,4077.1532624113474,3882.342284550371,4589.161716640614,3200.1269909074267,3774.0813492063494,4608.297872340426,692.1028806584362,2632.539142857143,4909.975682295311,2851.783066318927,596.2608548150499,4710.308571428572,968.3109100772693,1813.7095885973438,4356.100087796312,2895.5704761904763,3084.660931174089,5050.085416666667,2212.4451410658307,1471.4876279069767,2520.8697840595014,2259.510926694329,2550.839708737864,3353.1820639698008,4176.497597437266,1167.4788636474193,5498.402916666667,3708.072857142857,1319.5522603398524,2027.0295652173913,2139.9997435897435,3756.3310023310023,550.1645614035087,3440.558452634785,1559.241935483871,3438.3349673202615,4290.04255319149,1587.9649991161393,2299.9780061857605,1593.2066,3617.298641975309,2139.054929527712,1067.1948924731182,4008.778486858678,4454.181485911749,1782.0023409790087,3913.279212792128,1425.8996097560976,4281.948979591837,4225.244201582788,3574.4092818563713,2091.25,876.7197297297297,1148.9566310045236,4065.7872549019608,3389.883153846154
2020-4-6,1162.918373015873,3027.569978245105,1132.4456964335861,4085.3903258231385,nan,2384.5782380348096,1469.1941666666667,1965.4683808788095,2643.698292682927,2320.85375,3825.5444064901794,2367.6330357142856,4620.450666666667,4298.9668874172185,3075.355905918842,nan,2986.6270588235293,3922.198160535117,3098.553929765886,2663.559952606635,4948.588644521823,5381.445945945946,2986.476230366492,1917.6935227272727,4901.848888888889,3451.614535266974,4405.805790108565,310.8324240617155,4131.2353,1384.0081411764706,1916.6352771905097,1708.3812337727577,4447.455663258532,4643.910604192355,3463.1781633516716,2925.6605908233814,3227.1036585365855,3511.087857142857,4877.762741721855,3373.142985611511,817.663829787234,4153.199505358615,5274.5161290322585,4646.7893547577205,1100.294680484508,3153.28125,5379.037195994278,1080.0734390992836,2395.0521708683473,2355.148475935829,2858.725,4426.582887700535,1332.6833891625615,4384.084015190072,5187.628966032102,1302.3562005277045,5292.1533217793185,1981.5225375626044,2199.157511822481,4037.831798544793,3732.7630211802316,3341.7715022263887,-337.7955547944254,4140.748928188639,3381.547523761881,2615.10553633218,5385.204840613931,3373.7752161383287,3962.920730046309,3543.065909090909,-87.74528169998602,2361.361401823405,5156.581439465796,1306.728967246207,1794.5868665667167,5370.531157270029,2243.63125,3609.711053813524,4944.274906661427,3654.084210526316,2709.3616187989555,1244.9987878787879,1422.075268329554,3122.174306490708,2889.22,884.0632411067194,785.4901204819278,4354.804415584415,2676.9483189774937,2772.15,nan,5565.42731277533,1080.7124869909405,2808.32,4419.3,2682.028181818182,3752.4798184983906,3451.932972972973,5636.286171816127,1362.3277857142857,nan,1076.4403599042457,2397.7260154927258,2328.7186666666666,1004.6909116022099,2458.038674033149,1299.1738485733542,4334.8809007893515,3228.172515494764,2012.1049662185694,2553.718103448276,4313.5842696629215,3819.575,3686.9448514448513,4140.232673267326,1166.0693516209476,2830.1453587796705,1676.416912074043,nan,99.09276277112535,1020.8605864551811,1402.4897703810298,4404.6341077085535,4850.117717097952,4053.678581560284,3922.7179547210453,4675.487589158345,3342.73954964301,4062.0158820192855,4671.0843881856545,689.3265306122449,2847.2194285714286,5077.624857867576,3129.572999161465,678.9892999298813,4821.151428571428,973.138854268999,1770.832361516035,4363.661693725318,3287.6709523809523,3718.0,4983.75569358178,2299.708452109464,1476.058046511628,2424.174616369723,2401.2520661157023,2632.6475242718448,3640.055736868944,4225.394426580921,1171.7017350413491,5202.6033333333335,3720.058571428571,1345.1142041627913,2228.425217391304,2097.696923076923,4492.818393480791,708.8261403508772,3584.286106032907,1523.856,3611.3204359673023,4389.655913978495,1611.130235023856,2393.7606672080965,1576.3421,3620.9485185185185,2188.86804254868,1074.3692876344087,4267.092444743255,4418.648556142624,1871.73957664877,3810.370193786527,1520.7307804878049,4192.727272727273,4048.068779986292,3903.576461168935,1977.455,873.9435135135135,1170.997055443838,3946.7207843137253,3289.3803846153846
2020-4-14,1231.4289682539682,3375.2900652646845,1135.0326570251802,3930.1512907891833,nan,2289.779680481593,1607.535,1959.9006628850582,3229.943170731707,2339.83,3919.640418267179,2549.4464285714284,4958.082666666666,3801.4121510673235,3380.1209614887566,nan,3121.5617647058825,3877.143219333261,3479.0250941028858,2616.7837440758294,4888.907928425431,5386.333333333333,3661.806282722513,1940.0460227272727,4838.286666666667,3628.8372322899504,4719.177633342268,397.3727281210804,4277.0883,1383.0615529411764,1800.2017255546425,1808.4406618772755,4667.926465901848,4828.608641975308,3899.746078846969,3032.8042045811108,3152.1411042944787,4000.4188095238096,4708.880198675497,3542.507395786643,803.5078014184397,4178.912972085386,5295.817757009346,4774.778084598971,1093.7659952292606,3398.871359223301,5493.287553648069,1077.8807879253006,2373.1451104100947,2701.170962566845,2799.4926253687318,4295.646112600536,1366.3471494424964,4642.564364575993,4859.815465072843,1346.0433604336044,5425.739803581745,1988.8580968280467,2449.2016011644832,4320.490507048658,4307.4934805747735,3558.1360544217687,-332.38476990081415,4008.825026795284,3592.157473420888,2756.541918755402,5288.312527667109,3421.8587896253603,3941.3644783437753,3837.254090909091,60.65068493150685,2395.417207717244,5156.354416451662,1336.0290780026376,1669.8933069449442,5325.548925129726,2049.60625,3850.5639747424393,5081.815556865056,3632.2872340425533,2885.1642582628747,1177.5421212121212,1575.2222826908542,3180.4851063829788,3412.405,827.6936758893281,1082.4255421686746,4579.103506493507,2866.7524312308974,2717.39,nan,5486.466666666666,1078.1032876665586,3070.7048648648647,5246.24,3167.838181818182,3670.506884726985,3268.464864864865,5545.318952524492,1367.8286428571428,nan,1078.11107748184,2385.5480149812734,2342.8813333333333,1044.8078038674032,3045.594843462247,1302.5264671519726,4142.409787234043,3293.816193121128,1971.2969141822234,2630.973620689655,4537.176183504148,4025.1625,3734.4518879415346,4104.316076294278,1151.0128179551123,2908.929524004924,1710.2502635462788,nan,112.0297213622291,1031.0773567178203,1378.5153733070595,4399.537974683544,4954.704233182432,3979.3673758865248,3956.564359448515,4601.833997722096,3504.7666442912064,4097.075723199093,4605.0297872340425,737.356846473029,3434.9482857142857,5096.499737578726,3260.2336936265374,788.4557807644777,5029.545714285714,975.9676085458304,1832.765792031098,4644.680860403863,3722.347142857143,4300.466058763931,4512.565217391304,2687.1020873406,1618.283534883721,2389.017552533993,2679.082781456954,2767.658058252427,3736.17908696761,4227.525668449198,1168.525571590725,5224.178125,3963.964285714286,1401.1313983322643,2617.4895652173914,1908.2623076923078,4628.69848661234,796.1978947368422,3638.3632040965617,1513.373015873016,4164.377245508982,4109.569892473119,1575.1287303549354,2652.4441390511292,1568.0251,3736.445185185185,2454.3489259468624,1087.5665322580646,4349.820213391582,4258.278204233543,2037.2674718442877,3718.455552137804,1544.5374634146342,4258.642857142857,4082.2774085240508,4048.0369258480937,1697.685,871.0464864864865,1217.9084582825167,3737.0526274509803,3064.9435384615385
2020-4-22,1294.4069444444444,4051.8941261783903,1140.812903678742,3693.7393851735633,nan,2205.7469966562617,2103.0608333333334,1944.5676433261601,3431.5231707317075,2679.381,4220.676275891523,2777.5608035714286,5179.517333333333,3890.494176372712,3531.763763246317,nan,3595.324705882353,3980.844072825354,4010.3728033472803,2401.233886255924,4828.97970445964,5044.148648648648,3920.688534898344,1995.9502272727273,4745.83,3721.3795319709952,4958.1767741070835,513.5642992845177,4423.00475,1383.691317647059,1797.7159643673444,1923.436408918218,4707.553377947737,4857.145409735059,4394.6269035533,3104.3747645951034,2837.0545454545454,4061.664523809524,4590.749099337749,3696.9531742458353,833.4164305949008,4352.672682526661,5217.1612903225805,4597.305046447402,1085.253041427019,3230.7530266343824,5386.831187410587,1069.0552712384851,2710.138655462185,2975.148342245989,2571.0529411764705,4132.84,1361.0040187541863,5069.007401895512,4723.414360508601,725.1409574468086,5304.641834141834,2041.8764607679466,2823.7025846377865,4517.940768531151,4333.644198747836,3691.2985074626868,-327.2908243548447,4129.701580498258,3889.8921826141336,2833.2363636363634,5176.297624317544,3465.018651362984,3964.4307901907355,4042.9081818181817,243.66368340092293,2504.5531598444327,4980.13471866401,1457.4961900420071,1587.8487374797578,6023.998145400594,1955.6025,4294.23679614073,5185.844158396384,3712.554347826087,3343.390041493776,1160.0272727272727,1860.1722071050642,3451.016212431326,4403.145,847.3339960238569,1349.860481927711,4616.376363636364,3430.7051958877464,2649.423333333333,nan,5791.673434856176,1086.6831760872162,3472.8216216216215,5521.95,4013.898181818182,3507.747058513164,3091.222972972973,5388.454357041922,1371.679,nan,1083.8449770244613,2451.205610976304,2857.7273333333333,1091.2290331491713,3724.5220588235293,1276.9650399928103,3980.763197586727,3603.590965425873,1838.5596419740186,2792.2755172413795,4586.04011741683,3934.569892473118,3773.8349435574087,3987.364513734224,1156.9535411471322,3058.7532320952187,2502.439435432905,nan,151.15739135817753,1020.3336811352253,1338.4214527027027,4444.643234672304,4718.697805692479,3800.0341134751775,4046.6954160228497,4585.011962403873,3744.621773356929,4127.054184397163,4327.323529411765,720.6748971193416,4020.5705714285714,4984.786214135759,3791.002887212443,970.3397328845073,4923.688571428572,978.5378084722649,1838.0950761256884,4997.780412823891,4091.807142857143,4929.444782168186,4744.18125,2879.7429996437477,1718.0827906976745,2240.634051540138,3611.064676616915,2918.817572815534,3766.7214576962283,4489.818766756032,1172.5349116263985,5206.4139583333335,3828.5514285714285,1539.4992468190121,3297.263043478261,1769.929358974359,4336.808139534884,941.6231578947369,3678.102985984156,1610.3548387096773,4072.1574074074074,3824.7741935483873,1547.4178445229682,2917.7386729117875,1545.34005,3833.2425925925927,2639.4630611523507,1082.3944892473119,4610.826046746259,4196.331228816375,2256.4307639960907,3744.407316323394,1550.3096585365854,4310.64,4171.69636861939,4187.334034876729,1536.56,870.7383783783783,1235.212865245172,3518.348235294118,2911.2976153846153
2020-4-30,1324.5894444444446,4271.644670050761,1135.9710056748377,3617.790404040404,nan,2167.263057472329,2763.3733333333334,1938.8142103036657,3922.3953658536584,2912.00275,4016.159658484525,3304.787767857143,5286.822,4212.781456953642,3630.062031532696,nan,3445.2888235294117,3855.05866486851,4859.748327759197,2340.354549763033,4762.507103515541,4832.0574324324325,4627.334031852472,2098.8435227272726,4779.591111111111,3765.3737024221455,4949.692333467364,624.0406158566481,4670.6563,1424.6559529411766,1755.7145707411537,2116.343958795487,4597.769778249901,4436.410714285715,4812.016081252645,3351.8534293767616,2779.570552147239,4896.0257142857145,4651.612781456954,4247.077547339946,887.645390070922,4323.988467874794,5354.378504672897,4481.362746328606,1092.7682112183224,3413.4433734939757,5191.371959942775,1092.4988482211415,3026.189492119089,3089.796871657754,2387.315476190476,4338.748648648649,1509.3248630973487,5162.401456139664,4908.279895366219,669.9597855227883,5188.263461982898,2070.61101836394,3710.470331270477,4959.295174217018,4431.218520986009,3763.6154205607477,-317.71324625311274,4263.558413719185,4083.3306229672253,2852.991349480969,5228.155355562113,3569.471181556196,3958.2932208004354,4622.6525,393.61270062805306,2505.776899201892,5005.531005544163,1458.1354999430125,1391.5002398944464,6095.382418397626,1888.01875,4382.92940785649,5424.24761811217,3619.4086021505377,3773.2810196560195,1155.1533333333334,1902.8661980347695,3529.3248397349566,4688.3025,831.3346456692914,1595.7356626506023,4617.00974025974,3604.28869130314,2630.5933333333332,nan,5793.109343263372,1090.2948050840228,3808.8405405405406,5613.665,4328.877272727273,3409.3868516857488,3034.718918918919,5459.030048982668,1382.4693571428572,nan,1079.7363453760008,2488.0596238855173,2884.222,1152.8171132596685,4020.112132352941,1275.1102723105957,3858.9306796642295,3663.485958538149,1817.4615036389596,2953.3925862068963,4513.4111328125,3793.0373001776197,3705.0675139806813,3990.860009910803,1163.2687780548629,3130.1494492713964,2748.6706751054853,nan,210.2110739502044,1000.9957211438114,1334.9873623623623,4505.249470338983,4705.24499682338,3772.1912056737588,3894.1505021420044,4544.848653270628,4361.719960944652,4116.25899688297,4382.309322033899,747.7759336099585,4608.684571428572,4950.36310356893,4328.735631113182,1241.711731636994,5002.761428571429,971.6026921215854,1830.7136378360867,5164.980263157895,4951.546666666667,5305.728470111449,4738.663900414937,3031.9823261117444,1831.3637886118347,2199.4064255223543,3790.9025598678777,3160.745,3774.6787044121397,4639.850562399572,1186.5610183233339,5240.997916666666,3786.5142857142855,1841.4567252211823,3346.075652173913,1534.075,4388.549019607844,1115.9815789473685,3756.288126295258,1561.696,4215.116621253406,4348.8494623655915,1535.01872460696,3097.0894352117957,1475.8154,3968.6588888888887,3307.201978449037,1050.283938172043,4643.192168725317,4170.043697869936,2441.7867040565598,3752.142659492698,1516.3578048780487,4429.484848484848,4200.868400315208,4355.155146543963,1511.945,877.1018918918919,1258.1784175761056,3338.292705882353,2769.338923076923
2020-5-8,1334.0753968253969,4593.261783901377,1115.4319846488663,3433.8124586305803,nan,2146.0497897252535,3125.72,1938.9192815049698,4182.979512195122,2994.9195,3951.2997653082994,3914.9754464285716,5087.680666666667,4452.794657762938,3677.5994832041342,nan,3347.0770588235296,3719.961501106135,5156.444816053512,2198.707203791469,4728.918225237371,4705.530405405405,4620.0806113902845,2117.411477272727,4780.571111111111,3907.300823723229,5028.3864504456205,803.5656403175371,4877.0801,1469.8933882352942,1501.698544088294,2252.7283904590417,4683.763717002178,4772.64012345679,4862.294043092522,3987.3573441904164,2584.1411042944787,5189.372619047619,4656.496423841059,4550.168755595345,879.7159090909091,4266.061677631579,5074.917808219178,4561.01820007531,1091.4115292870395,4360.040963855422,5366.273247496423,1112.0591095189354,3659.111812127585,3093.1301336898396,2074.2,4389.18085106383,1801.5424182749114,5164.369935408104,5172.354018691589,635.9973544973545,5111.319588819589,2011.43,4148.71386967601,4971.352071846757,4457.221142324591,3816.0128414662618,-325.54342463915,4440.570892522112,4344.369072938822,2834.8568965517243,5273.505089246201,3555.7704447632714,4184.191280653951,4424.185681818181,513.6668065463701,2512.4363765679554,4977.375920163922,1445.9005535656138,1389.6018590704648,6103.588431590656,1760.39875,4423.155252659574,5418.960318239859,3608.5806451612902,3914.621538697553,1143.3521212121211,2002.0723733938019,3331.0632406808877,5207.785,858.2901960784313,1758.489156626506,4802.186753246753,4243.708252292304,2631.18,nan,5490.831921382583,1095.4166041083738,4357.551621621622,5706.665,4646.191818181818,3237.8475210970464,2789.985945945946,5299.060785976816,1402.2883333333334,nan,1077.1865008392263,2537.085748955103,2936.628,1207.2974033149171,4481.669117647059,1255.868742697942,3711.7472646433403,3700.6632618172493,1724.9808120908203,3223.265172413793,4368.374206155349,3838.7008849557524,3762.5777800386613,4129.078028238791,1165.854488778055,3281.9120694962207,3099.553070267989,nan,292.38691230564746,996.7896659707725,1332.373435935936,4692.637519872814,4848.708942185514,3663.1978723404254,3909.5157680331513,4605.747969796267,4609.047476658327,3817.354426787741,4563.004237288135,752.1115702479339,4793.667142857143,4911.964401294498,4488.4788483041375,1772.0250999865696,4964.234285714286,977.073426778488,1826.395367670878,5408.509872751207,5033.472380952381,5466.773279352226,4659.995859213251,2938.542120629495,1853.8757209302325,2108.922406433931,4027.253101736973,3354.763932038835,3598.0720844811754,4697.767379679144,1209.9059849848388,5152.830625,3634.38,2032.6212465950969,3612.6582608695653,1462.5928205128205,4396.683352735739,1199.191052631579,3840.2030592967276,1458.352,4240.269607843137,4423.010752688172,1425.3796819787985,3200.489223464734,1381.1495,4080.5154320987654,3515.609371687045,1079.6898521505377,5053.668991596639,3853.1451216270107,2601.5797188168017,3824.9346153846154,1518.0608780487805,4566.445544554455,4197.550073662932,4448.0550495445905,1393.985,877.3181081081082,1261.0507756391842,3271.112666666667,2704.593923076923
